fazenda,modulo,casa_bomba,marca,pivo_numero,area_ha,vazao_m3h,potencia_cv,potencia_kw,fonte,latitude,longitude
"Karitel","Módulo 01","R0","Valley","1","150.01","714.33","200","149.1","planilha_tecnica","-14.792129620","-45.611435530"
"Karitel","Módulo 01","R0","Valley","2","123.72","523.80","200","149.1","planilha_tecnica","-14.800457510","-45.602376020"
"Karitel","Módulo 01","R0","Valley","3","150.01","714.33","200","149.1","planilha_tecnica","-14.789198730","-45.597432250"
"Karitel","Módulo 01","R0","Valley","4","62.76","290.00","40","29.8","planilha_tecnica","-14.798515880","-45.592061120"
"Karitel","Módulo 01","R1","Valley","5","150.01","692.90","250","186.4","planilha_tecnica","-14.785654820","-45.581152360"
"Karitel","Módulo 01","R1","Valley","6","150.01","641.00","250","186.4","planilha_tecnica","-14.782989920","-45.568395080"
"Karitel","Módulo 01","R2","Valley","7","120.13","572.05","250","186.4","planilha_tecnica","-14.796393580","-45.575520050"
"Karitel","Módulo 01","R2","Valley","8","150.01","714.33","250","186.4","planilha_tecnica","-14.794657710","-45.563233510"
"Karitel","Módulo 01","R3","Valley","9","120.13","572.50","200","149.1","planilha_tecnica","-14.807817530","-45.575727570"
"Karitel","Módulo 01","R3","Valley","10","150.01","714.33","250","186.4","planilha_tecnica","-14.807359850","-45.563332470"
"Karitel","Módulo 01","R5","Valley","11","121.12","547.92","200","149.1","planilha_tecnica","-14.819573160","-45.572436870"
"Karitel","Módulo 01","R5","Valley","12","150.01","714.33","250","186.4","planilha_tecnica","-14.819650190","-45.560028780"
"Karitel","Módulo 01","R5","Valley","13","71.3","339.52","75","111.9","planilha_tecnica","-14.829589370","-45.571124640"
"Karitel","Módulo 01","R6","Valley","14","150.01","614.33","75","55.9","planilha_tecnica","-14.832345680","-45.560430230"
"Karitel","Módulo 01","R1","Valley","15","150.01","714.33","200","149.1","planilha_tecnica","-14.779364810","-45.552632810"
"Karitel","Módulo 01","R1","Valley","16","150.01","714.33","250","186.4","planilha_tecnica","-14.776663750","-45.539959030"
"Karitel","Módulo 01","R2","Valley","17","150.01","714.33","200","149.1","planilha_tecnica","-14.791848310","-45.550203240"
"Karitel","Módulo 01","R2","Valley","18","150.01","714.33","200","149.1","planilha_tecnica","-14.789001960","-45.537644780"
"Karitel","Módulo 01","R3","Valley","19","150.01","714.33","200","149.1","planilha_tecnica","-14.804516510","-45.549250490"
"Karitel","Módulo 01","R3","Valley","20","150.01","714.33","100","74.6","planilha_tecnica","-14.801826290","-45.536487480"
"Karitel","Módulo 01","R4","Valley","21","150.01","714.33","200","149.1","planilha_tecnica","-14.815567420","-45.542794630"
"Karitel","Módulo 01","R4","Valley","22","150.01","714.33","200","149.1","planilha_tecnica","-14.813828690","-45.529870580"
"Karitel","Módulo 01","R6","Valley","23","150.01","602.63","200","149.1","planilha_tecnica","-14.827242920","-45.548140670"
"Karitel","Módulo 01","R6","Valley","24","150.01","714.33","250","186.4","planilha_tecnica","-14.825833830","-45.535102350"
"Karitel","Módulo 01","R7","Valley","25","99.7","474.76","100","74.6","planilha_tecnica","-14.840577990","-45.542062130"
"Karitel","Módulo 01","R7","Valley","26","150.01","650.04","250","186.4","planilha_tecnica","-14.843101000","-45.553607350"
"Karitel","Módulo 01","R7","Valley","27","99.14","472.10","100","74.6","planilha_tecnica","-14.851144250","-45.545208560"
"Karitel","Módulo 01","R7","Valley","28","132.99","633.29","200","149.1","planilha_tecnica","-14.848383260","-45.528574680"
"Karitel","Módulo 01","R7","Valley","29","78.55","374.05","100","74.6","planilha_tecnica","-14.855982980","-45.536571070"
"Karitel","Módulo 01","C3Z3/R7","Valley","30","150.01","664.33","121.74","90.8","planilha_tecnica","-14.843509330","-45.515537470"
"Karitel","Módulo 01","C3Z3/R7","Valley","31","150.01","645.04","125","93.2","planilha_tecnica","-14.856030180","-45.517614040"
"Karitel","Módulo 01","C3Z3/R7","Valley","32","138.03","657.29","125","93.2","planilha_tecnica","-14.866817044","-45.532033271"
"Karitel","Módulo 01","C3Z3/R7","Valley","33","137.67","590.01","147","109.6","planilha_tecnica","-14.863366500","-45.507425150"
"Karitel","Módulo 01","C3Z3/R7","Valley","34","150.01","714.33","150","111.9","planilha_tecnica","-14.876818545","-45.523261960"
"Karitel","Módulo 01","C3Z3/R7","Valley","75","82","","","","DADO_NAO_DISPONIVEL","",""
"Karitel","Módulo 01","C3Z3/R7","Valley","76","75","","","","DADO_NAO_DISPONIVEL","",""
"Karitel","Módulo 02","R8","Lindsay","35","150.54","641.68","235","175.2","planilha_tecnica","-14.769885666","-45.572875645"
"Karitel","Módulo 02","R8","Lindsay","36","150.54","716.86","220","164.1","planilha_tecnica","-14.766457599","-45.559538760"
"Karitel","Módulo 02","R8","Lindsay","37","72.00","517.97","150","111.9","planilha_tecnica","-14.758313541","-45.571952448"
"Karitel","Módulo 02","R8","Lindsay","38","141","716.86","221","164.8","planilha_tecnica","-14.753550395","-45.560303294"
"Karitel","Módulo 02","R10","Lindsay","39","100.65","479.29","150","111.9","planilha_tecnica","-14.764729890","-45.542069120"
"Karitel","Módulo 02","R10","Lindsay","40","150.54","716.86","215","160.3","planilha_tecnica","-14.754135380","-45.547135982"
"Karitel","Módulo 02","R9","Lindsay","41","138.55","659.74","199","148.4","planilha_tecnica","-14.743060995","-45.552845144"
"Karitel","Módulo 02","R9","Lindsay","42","100.65","479.29","150","111.9","planilha_tecnica","-14.735540069","-45.566665535"
"Karitel","Módulo 02","R9","Lindsay","43","138.55","659.74","199","148.4","planilha_tecnica","-14.731093704","-45.555101828"
"Karitel","Módulo 02","R11","Lindsay","45","123.47","587.93","219","163.3","planilha_tecnica","-14.756225267","-45.529904844"
"Karitel","Módulo 02","R11","Lindsay","46","159.45","759.30","242","180.5","planilha_tecnica","-14.744084925","-45.533558440"
"Karitel","Módulo 02","R11","Lindsay","47","159.45","721.34","300","223.7","planilha_tecnica","-14.731849796","-45.538062566"
"Karitel","Módulo 02","R11","Lindsay","48","159.45","759.30","211","157.3","planilha_tecnica","-14.718436846","-45.542790348"
"Karitel","Módulo 02","R11","Lindsay","49","124.31","591.97","197","146.9","planilha_tecnica","-14.721897486","-45.530619979"
"Karitel","Módulo 02","R12","Lindsay","52","159.45","759.30","252","187.9","planilha_tecnica","-14.743345361","-45.519746911"
"Karitel","Módulo 02","R12","Lindsay","73","159.45","683.37","300","223.7","planilha_tecnica","-14.773381193","-45.512029094"
"Karitel","Módulo 02","R12","Lindsay","74","159.45","759.30","300","223.7","planilha_tecnica","-14.760445000","-45.514392000"
"Karitel","Módulo 03","R13","Lindsay","44","74.68","550.14","75","55.9","planilha_tecnica","-14.752300000","-45.506300000"
"Karitel","Módulo 03","R14","Lindsay","50","120.31","572.90","150","111.9","planilha_tecnica","-14.769600000","-45.491900000"
"Karitel","Módulo 03","R14","Lindsay","51","119.34","550.14","150","111.9","planilha_tecnica","-14.771100000","-45.480400000"
"Karitel","Módulo 03","R13","Lindsay","53","74.68","550.14","75","55.9","planilha_tecnica","-14.748700000","-45.497700000"
"Karitel","Módulo 03","R13","Lindsay","54","121.22","577.24","150","111.9","planilha_tecnica","-14.758600000","-45.494400000"
"Karitel","Módulo 03","R13","Lindsay","55","151.33","720.62","300","223.7","planilha_tecnica","-14.746900000","-45.486900000"
"Karitel","Módulo 03","R14","Lindsay","56","151.2","720.00","150","111.9","planilha_tecnica","-14.758900000","-45.481700000"
"Karitel","Módulo 03","R15","Valley","57","150.24","715.43","200","149.1","planilha_tecnica","-14.742605200","-45.474687100"
"Karitel","Módulo 03","R15","Valley","58","150.24","715.43","150","111.9","planilha_tecnica","-14.754783700","-45.469599000"
"Karitel","Módulo 03","R15","Valley","59","144.4","687.62","175","130.5","planilha_tecnica","-14.738246200","-45.462557800"
"Karitel","Módulo 03","R15","Valley","60","150.24","701.12","175","130.5","planilha_tecnica","-14.750130200","-45.457401500"
"Karitel","Módulo 03","R16","Valley","61","145.71","693.86","175","130.5","planilha_tecnica","-14.733970400","-45.450022900"
"Karitel","Módulo 03","R16","Valley","62","140.89","670.90","175","130.5","planilha_tecnica","-14.745563500","-45.445623300"
"Karitel","Módulo 03","R18","Bauer","63","80.15","383.71","100","74.6","planilha_tecnica","-14.777656430","-45.472096668"
"Karitel","Módulo 03","R18","Bauer","64","80.15","383.71","75","55.9","planilha_tecnica","-14.777689295","-45.462471884"
"Karitel","Módulo 03","R18","Bauer","65","150.24","692.30","200","149.1","planilha_tecnica","-14.767454178","-45.467761737"
"Karitel","Módulo 03","R15","Valley","66","100.86","480.29","175","130.5","planilha_tecnica","-14.758987000","-45.449746900"
"Karitel","Módulo 03","R16","Valley","67","80.25","382.14","175","130.5","planilha_tecnica","-14.755102000","-45.440524500"
"Karitel","Módulo 03","R16","Valley","68","80.25","382.14","175","130.5","planilha_tecnica","-14.763980400","-45.437451100"
"Karitel","Módulo 03","R17","Valley","69","80.25","382.14","175","130.5","planilha_tecnica","-14.727041300","-45.464961900"
"Karitel","Módulo 03","R17","Valley","70","150.24","715.43","175","130.5","planilha_tecnica","-14.721626400","-45.454522100"
"Karitel","Módulo 03","R17","Valley","71","40.23","191.57","40","29.8","planilha_tecnica","-14.719123200","-45.464138000"
"Karitel","Módulo 03","R17","Valley","72","125.51","597.67","175","130.5","planilha_tecnica","-14.710050200","-45.458460900"
"RDM","Módulo 01","RM4","Valley","101","116.2","552.48","150","111.9","planilha_tecnica","-14.650410000","-45.241249000"
"RDM","Módulo 01","RM4","Valley","102","102.19","486.62","125","93.2","planilha_tecnica","-14.636059000","-45.245848000"
"RDM","Módulo 01","RM4","Valley","103","102.01","485.76","100","74.6","planilha_tecnica","-14.651717630","-45.252685550"
"RDM","Módulo 01","RM4","Valley","104","102.01","485.76","100","74.6","planilha_tecnica","-14.641005260","-45.256333350"
"RDM","Módulo 01","RM3","Valley","105","102.01","485.76","100","74.6","planilha_tecnica","-14.656000000","-45.264400000"
"RDM","Módulo 01","RM2","Valley","106","102.01","485.76","100","74.6","planilha_tecnica","-14.645240000","-45.266440000"
"RDM","Módulo 01","RM3","Valley","107","102.01","485.76","125","93.2","planilha_tecnica","-14.660100000","-45.274200000"
"RDM","Módulo 01","RM2","Valley","108","102.01","485.76","100","74.6","planilha_tecnica","-14.649136000","-45.276528000"
"RDM","Módulo 01","RM1","Valley","109","102.01","485.76","125","93.2","planilha_tecnica","-14.630407000","-45.259343000"
"RDM","Módulo 01","RM4","Valley","110","102.19","485.62","125","93.2","planilha_tecnica","-14.634951000","-45.268913000"
"RDM","Módulo 02","RM5","Valley","112","150.34","715.90","175","130.5","planilha_tecnica","-14.650916077","-45.210244194"
"RDM","Módulo 02","RM5","Valley","113","150.14","714.95","175","130.5","planilha_tecnica","-14.620800000","-45.222000000"
"RDM","Módulo 02","RM5","Valley","114","120.13","572.05","150","111.9","planilha_tecnica","-14.642500000","-45.204600000"
"RDM","Módulo 02","RM5","Valley","115","150.34","715.90","175","130.5","planilha_tecnica","-14.629700000","-45.210100000"
"RDM","Módulo 02","RM6","Valley","116","150.34","701.59","175","130.5","planilha_tecnica","-14.640800000","-45.192100000"
"RDM","Módulo 02","RM6","Valley","117","150.34","715.90","175","130.5","planilha_tecnica","-14.629000000","-45.197000000"
"RDM","Módulo 02","RM6","Valley","118","150.14","694.93","175","130.5","planilha_tecnica","-14.639500000","-45.179300000"
"RDM","Módulo 02","RM6","Valley","119","150.34","715.90","200","149.1","planilha_tecnica","-14.627400000","-45.184200000"
"RDM","Módulo 02","RM7","Valley","120","150.34","715.90","200","149.1","planilha_tecnica","-14.638300000","-45.166400000"
"RDM","Módulo 02","RM7","Valley","121","150.34","715.90","175","130.5","planilha_tecnica","-14.626300000","-45.171200000"
"RDM","Módulo 02","RM7","Valley","122","150.14","714.95","200","149.1","planilha_tecnica","-14.637957364","-45.153328339"
"RDM","Módulo 02","RM7","Valley","123","150.34","715.90","175","130.5","planilha_tecnica","-14.624700000","-45.157700000"
"RDM","Módulo 02","RM7","Valley","124","150.14","700.65","175","130.5","planilha_tecnica","-14.612700000","-45.162700000"
"RDM","Módulo 02","RM7","Valley","125","100.79","479.95","175","130.5","planilha_tecnica","-14.602100000","-45.174500000"
"RDM","Módulo 02","RM7","Valley","126","140.57","669.39","175","130.5","planilha_tecnica","-14.614200000","-45.174000000"
"RDM","Módulo 02","RM7","Valley","127","102.43","487.76","200","149.1","planilha_tecnica","-14.804100000","-45.184600000"
"RDM","Módulo 02","RM6","Valley","128","140.57","669.39","175","130.5","planilha_tecnica","-14.615100000","-45.187600000"
"RDM","Módulo 02","RM6","Valley","129","102.43","487.76","200","149.1","planilha_tecnica","-14.605100000","-45.195100000"
"RDM","Módulo 02","RM6","Valley","130","150.14","714.95","200","149.1","planilha_tecnica","-14.616200000","-45.200300000"
"RDM","Módulo 02","RM5","Valley","131","100.1","762.67","200","149.1","planilha_tecnica","-14.618266800","-45.211905300"
"RDM","Módulo 02","RM5","Valley","132","100.1","762.67","200","149.1","planilha_tecnica","-14.619263200","-45.222509100"
"RDM","Módulo 02","RM7","Valley","133","101.12","481.52","200","149.1","planilha_tecnica","-14.504800000","-45.167500000"
